dno,annee,saison
1,1924,Summer
2,1928,Winter
3,2016,Summer
4,1976,Summer
5,2012,Summer
6,1948,Winter
7,1936,Summer
8,1998,Winter
9,1956,Summer
10,1920,Summer
11,1928,Summer
12,1984,Winter
13,1960,Summer
14,2004,Summer
15,1960,Winter
16,1948,Summer
17,1952,Summer
18,1980,Winter
19,1980,Summer
20,1936,Winter
21,2014,Winter
22,1996,Summer
23,2006,Winter
24,1972,Winter
25,2008,Summer
26,1972,Summer
27,1932,Winter
28,1956,Winter
29,1932,Summer
30,2000,Summer
31,1968,Summer
32,1964,Winter
33,1992,Summer
34,1988,Winter
35,1964,Summer
36,1976,Winter
37,2010,Winter
38,1924,Winter
39,1988,Summer
40,1992,Winter
41,1984,Summer
42,1994,Winter
43,1968,Winter
44,1952,Winter
45,2002,Winter
