sno,sport
1,Wrestling
2,Judo
3,Table Tennis
4,Short Track Speed Skating
5,Skeleton
6,Bobsleigh
7,Golf
8,Water Polo
9,Weightlifting
10,Handball
11,Swimming
12,Basketball
13,Cycling
14,Fencing
15,Cross Country Skiing
16,Speed Skating
17,Sailing
18,Tennis
19,Hockey
20,Polo
21,Equestrianism
22,Badminton
23,Rhythmic Gymnastics
24,Trampolining
25,Aeronautics
26,Volleyball
27,Tug-Of-War
28,Beach Volleyball
29,Triathlon
30,Baseball
31,Gymnastics
32,Athletics
33,Canoeing
34,Ski Jumping
35,Freestyle Skiing
36,Snowboarding
37,Military Ski Patrol
38,Figure Skating
39,Boxing
40,Curling
41,Rugby
42,Ice Hockey
43,Alpinism
44,Taekwondo
45,Shooting
46,Football
47,Alpine Skiing
48,Luge
49,Biathlon
50,Rowing
51,Synchronized Swimming
52,Softball
53,Modern Pentathlon
54,Rugby Sevens
55,Diving
56,Archery
57,Nordic Combined
