tno,pays,libelle
NIG,Niger,
RUS,Russia,
GUM,Guam,
GUA,Guatemala,
BDI,Burundi,
RSA,South Africa,
LAO,Laos,
CHI,Chile,
IRL,Ireland,
BRA,Brazil,
MDA,Moldova,
ISL,Iceland,
IRQ,Iraq,
KGZ,Kyrgyzstan,
VIN,Saint Vincent,
VEN,Venezuela,
HKG,China,Hong Kong
NGR,Nigeria,
JOR,Jordan,
TUR,Turkey,
AFG,Afghanistan,
SUI,Switzerland,
TOG,Togo,
KUW,Kuwait,
HUN,Hungary,
DMA,Dominica,
LAT,Latvia,
ECU,Ecuador,
AUS,Australia,
NCA,Nicaragua,
MAL,Malaysia,
PLW,Palau,
GDR,Germany,
DOM,Dominican Republic,
CYP,Cyprus,
SOM,Somalia,
SOL,Solomon Islands,
NAM,Namibia,
SEN,Senegal,
YMD,Yemen,South Yemen
INA,Indonesia,
BIH,Bosnia and Herzegovina,
GAM,Gambia,
ZIM,Zimbabwe,
FIN,Finland,
BOT,Botswana,
BEN,Benin,
NRU,Nauru,
VAN,Vanuatu,
ARU,Aruba,
GHA,Ghana,
AZE,Azerbaijan,
PER,Peru,
LIB,Lebanon,
PNG,Papua New Guinea,
FSM,Micronesia,
TLS,Timor-Leste,
TJK,Tajikistan,
SUD,Sudan,
GBR,UK,
FRA,France,
UNK,NA,Unknown
MAD,Madagascar,
EST,Estonia,
BRU,Brunei,
SIN,Singapore,
SLO,Slovenia,
NOR,Norway,
IOA,Individual Olympic Athletes,Individual Olympic Athletes
DEN,Denmark,
TKM,Turkmenistan,
STP,Sao Tome and Principe,
BRN,Bahrain,
TCH,Czech Republic,
JAM,Jamaica,
COL,Colombia,
BER,Bermuda,
SRB,Serbia,
ASA,American Samoa,
CIV,Ivory Coast,
NFL,Canada,Newfoundland
CZE,Czech Republic,
PAR,Paraguay,
KAZ,Kazakhstan,
TTO,Trinidad,Trinidad and Tobago
ROU,Romania,
CAM,Cambodia,
PAK,Pakistan,
ETH,Ethiopia,
SEY,Seychelles,
VIE,Vietnam,
FRG,Germany,
OMA,Oman,
UAE,United Arab Emirates,
ESP,Spain,
BLR,Belarus,
AHO,Curacao,Netherlands Antilles
ERI,Eritrea,
BIZ,Belize,
BEL,Belgium,
GUI,Guinea,
TAN,Tanzania,
WIF,Trinidad,West Indies Federation
CRC,Costa Rica,
ARM,Armenia,
MTN,Mauritania,
SAM,Samoa,
KSA,Saudi Arabia,
THA,Thailand,
BHU,Bhutan,
ISR,Israel,
IND,India,
URS,Russia,
JPN,Japan,
AUT,Austria,
MRI,Mauritius,
GBS,Guinea-Bissau,
CHN,China,
GER,Germany,
BUL,Bulgaria,
SRI,Sri Lanka,
AND,Andorra,
MKD,Macedonia,
ISV,"Virgin Islands, US",Virgin Islands
SYR,Syria,
SMR,San Marino,
MON,Monaco,
CMR,Cameroon,
GRN,Grenada,
RWA,Rwanda,
ANT,Antigua,Antigua and Barbuda
MAS,Malaysia,
TPE,Taiwan,
MEX,Mexico,
SKN,Saint Kitts,Turks and Caicos Islands
NZL,New Zealand,
ALG,Algeria,
KEN,Kenya,
LIE,Liechtenstein,
ROT,NA,Refugee Olympic Team
UKR,Ukraine,
UGA,Uganda,
GAB,Gabon,
LES,Lesotho,
COD,Democratic Republic of the Congo,
MGL,Mongolia,
MDV,Maldives,
LTU,Lithuania,
KOS,Kosovo,
NEP,Nepal,
GUY,Guyana,
PUR,Puerto Rico,
ALB,Albania,
UAR,Syria,United Arab Republic
BOL,Boliva,
BUR,Burkina Faso,
COK,Cook Islands,
POR,Portugal,
HON,Honduras,
USA,USA,
QAT,Qatar,
GEO,Georgia,
BAN,Bangladesh,
YUG,Serbia,Yugoslavia
MLI,Mali,
RHO,Zimbabwe,
MLT,Malta,
YEM,Yemen,
CHA,Chad,
SAA,Germany,
NED,Netherlands,
PHI,Philippines,
MOZ,Mozambique,
VNM,Vietnam,
CUB,Cuba,
CAN,Canada,
BAH,Bahamas,
KOR,South Korea,
EGY,Egypt,
ANZ,Australia,Australasia
BOH,Czech Republic,Bohemia
NBO,Malaysia,North Borneo
LBA,Libya,
LUX,Luxembourg,
PRK,North Korea,
HAI,Haiti,
SUR,Suriname,
SLE,Sierra Leone,
SSD,South Sudan,
ARG,Argentina,
LCA,Saint Lucia,
ANG,Angola,
POL,Poland,
CPV,Cape Verde,
KIR,Kiribati,
MAW,Malawi,
EUN,Russia,
ZAM,Zambia,
CAF,Central African Republic,
CRT,Greece,Crete
TGA,Tonga,
SCG,Serbia,Serbia and Montenegro
DJI,Djibouti,
CRO,Croatia,
YAR,Yemen,North Yemen
BAR,Barbados,
GRE,Greece,
CGO,Republic of Congo,
LBR,Liberia,
SVK,Slovakia,
MHL,Marshall Islands,
PAN,Panama,
SWZ,Swaziland,
TUN,Tunisia,
SWE,Sweden,
MYA,Myanmar,
IVB,"Virgin Islands, British",
PLE,Palestine,
URU,Uruguay,
GEQ,Equatorial Guinea,
FIJ,Fiji,
ITA,Italy,
CAY,Cayman Islands,
TUV,NA,Tuvalu
ESA,El Salvador,
COM,Comoros,
UZB,Uzbekistan,
MAR,Morocco,
IRI,Iran,
MNE,Montenegro,
